build,lv,str,agi,vit,int,dex,mob,hp,sp,atk,def,atkDelay,flee,crit,ttk,ttd,killsPerLife,minutesSoFar
"แนะนำ (ปุ่มในเกม)","1","3","2","3","1","1","ก็อบลินป่า Lv.2","68","18","17","3","781","0.7","5.3","3.7","14.4","3.9","0"
"แนะนำ (ปุ่มในเกม)","2","5","2","4","1","1","ก็อบลินป่า Lv.2","88","20","23","4.8","781","0.7","5.3","2.61","21.2","8.1","1"
"แนะนำ (ปุ่มในเกม)","3","6","3","4","1","2","ก็อบลินป่า Lv.2","102","22","27","6","772","1.1","5.6","2.17","28","12.9","3"
"แนะนำ (ปุ่มในเกม)","4","7","4","5","1","2","หมาป่าเร่ร่อน Lv.6","122","24","31","7.8","763","1.4","5.6","4.95","10.8","2.2","6"
"แนะนำ (ปุ่มในเกม)","5","9","4","7","1","2","หมาป่าเร่ร่อน Lv.6","148","26","37","10.2","763","1.4","5.6","3.94","14","3.6","8"
"แนะนำ (ปุ่มในเกม)","6","10","5","8","1","3","หมาป่าเร่ร่อน Lv.6","168","28","42","12","755","1.8","5.9","3.27","16.9","5.2","11"
"แนะนำ (ปุ่มในเกม)","7","11","6","10","1","3","หมาป่าเร่ร่อน Lv.6","194","30","46","14.4","746","2.1","5.9","2.93","21.8","7.4","14"
"แนะนำ (ปุ่มในเกม)","8","12","7","10","1","4","หมูป่าคลั่ง Lv.10","208","32","50","15.6","738","2.5","6.2","4.89","12.4","2.5","18"
"แนะนำ (ปุ่มในเกม)","9","13","8","11","1","4","หมูป่าคลั่ง Lv.10","228","34","54","17.4","730","2.8","6.2","4.3","14.1","3.3","23"
"แนะนำ (ปุ่มในเกม)","10","14","9","12","1","4","หมูป่าคลั่ง Lv.10","248","36","58","19.2","722","3.1","6.2","3.81","15.9","4.2","27"
"แนะนำ (ปุ่มในเกม)","11","15","11","12","1","5","หมูป่าคลั่ง Lv.10","262","38","63","20.4","707","3.9","6.5","3.39","17.9","5.3","32"
"แนะนำ (ปุ่มในเกม)","12","16","11","13","1","6","โครงกระดูกเฝ้าป่า Lv.14","282","40","67","22.2","707","3.9","6.8","5.05","12.5","2.5","39"
"แนะนำ (ปุ่มในเกม)","13","17","11","14","1","7","โครงกระดูกเฝ้าป่า Lv.14","302","42","72","24","707","3.9","7.1","4.49","13.8","3.1","45"
"แนะนำ (ปุ่มในเกม)","14","18","12","15","1","6","โครงกระดูกเฝ้าป่า Lv.14","322","44","75","25.8","699","4.2","6.8","4.14","15.1","3.7","52"
"แนะนำ (ปุ่มในเกม)","15","19","12","16","1","8","โครงกระดูกเฝ้าป่า Lv.14","342","46","80","27.6","699","4.2","7.4","3.81","17","4.5","58"
"แนะนำ (ปุ่มในเกม)","16","20","13","17","1","8","ออร์คนักรบ Lv.18","362","48","84","29.4","692","4.5","7.4","5.28","12.9","2.4","67"
"แนะนำ (ปุ่มในเกม)","17","21","14","18","1","8","ออร์คนักรบ Lv.18","382","50","88","31.2","685","4.9","7.4","4.81","14","2.9","76"
"แนะนำ (ปุ่มในเกม)","18","22","14","19","1","9","ออร์คนักรบ Lv.18","402","52","93","33","685","4.9","7.7","4.36","15","3.4","84"
"แนะนำ (ปุ่มในเกม)","19","23","15","19","1","10","ออร์คนักรบ Lv.18","416","54","97","34.2","678","5.3","8","4.09","16.3","4","92"
"แนะนำ (ปุ่มในเกม)","20","24","15","21","1","10","ออร์คนักรบ Lv.18","442","56","101","36.6","678","5.3","8","3.91","18.4","4.7","92"
"สมดุล","1","2","2","2","2","2","ก็อบลินป่า Lv.2","62","21","15","2.4","781","0.7","5.6","4.2","12.6","3","0"
"สมดุล","2","3","3","3","2","2","ก็อบลินป่า Lv.2","82","23","19","4.2","772","1.1","5.6","3.13","19","6.1","2"
"สมดุล","3","4","3","3","3","3","ก็อบลินป่า Lv.2","96","28","24","5.4","772","1.1","5.9","2.43","25.1","10.3","3"
"สมดุล","4","4","4","4","4","3","หมาป่าเร่ร่อน Lv.6","116","33","26","7.2","763","1.4","5.9","5.98","10.1","1.7","8"
"สมดุล","5","5","5","5","4","4","หมาป่าเร่ร่อน Lv.6","136","35","30","9","755","1.8","6.2","4.85","12.5","2.6","11"
"สมดุล","6","6","6","5","5","5","หมาป่าเร่ร่อน Lv.6","150","40","35","10.2","746","2.1","6.5","3.89","14.3","3.7","15"
"สมดุล","7","7","6","6","6","6","หมาป่าเร่ร่อน Lv.6","170","45","39","12","746","2.1","6.8","3.44","17.7","5.2","18"
"สมดุล","8","7","7","7","7","7","หมูป่าคลั่ง Lv.10","190","50","42","13.8","738","2.5","7.1","5.83","10.9","1.9","27"
"สมดุล","9","8","8","8","8","7","หมูป่าคลั่ง Lv.10","210","55","46","15.6","730","2.8","7.1","5.04","12.5","2.5","33"
"สมดุล","10","9","9","9","9","8","หมูป่าคลั่ง Lv.10","230","60","50","17.4","722","3.1","7.4","4.38","14.3","3.3","39"
"สมดุล","11","10","10","10","10","9","หมูป่าคลั่ง Lv.10","250","65","55","19.2","714","3.5","7.7","3.87","16.6","4.3","44"
"สมดุล","12","11","11","11","11","10","โครงกระดูกเฝ้าป่า Lv.14","270","70","59","21","707","3.9","8","5.67","11.8","2.1","53"
"สมดุล","13","12","12","11","11","11","โครงกระดูกเฝ้าป่า Lv.14","284","72","64","22.2","699","4.2","8.3","4.93","12.7","2.6","61"
"สมดุล","14","12","12","12","12","11","โครงกระดูกเฝ้าป่า Lv.14","304","77","66","24","699","4.2","8.3","4.64","13.9","3","69"
"สมดุล","15","13","13","12","12","12","โครงกระดูกเฝ้าป่า Lv.14","318","79","70","25.2","692","4.5","8.6","4.3","15.3","3.6","77"
"สมดุล","16","13","13","13","13","13","ออร์คนักรบ Lv.18","338","84","73","27","692","4.5","8.9","5.98","11.8","2","92"
"สมดุล","17","14","14","14","13","13","ออร์คนักรบ Lv.18","358","86","77","28.8","685","4.9","8.9","5.4","12.8","2.4","104"
"สมดุล","18","15","14","14","14","14","ออร์คนักรบ Lv.18","372","91","81","30","685","4.9","9.2","5.02","13.4","2.7","115"
"สมดุล","19","15","15","15","15","14","ออร์คนักรบ Lv.18","392","96","83","31.8","678","5.3","9.2","4.84","15","3.1","125"
"สมดุล","20","16","16","16","15","15","ออร์คนักรบ Lv.18","412","98","88","33.6","671","5.6","9.5","4.48","16.6","3.7","125"
"STR ล้วน","1","6","1","1","1","1","ก็อบลินป่า Lv.2","56","18","23","1.8","791","0.4","5.3","2.73","11","4","0"
"STR ล้วน","2","9","1","1","1","1","ก็อบลินป่า Lv.2","70","20","31","3","791","0.4","5.3","1.94","14.8","7.6","1"
"STR ล้วน","3","11","1","1","1","1","ก็อบลินป่า Lv.2","84","22","37","4.2","791","0.4","5.3","1.61","19.9","12.3","3"
"STR ล้วน","4","13","1","1","1","1","หมาป่าเร่ร่อน Lv.6","98","24","43","5.4","791","0.4","5.3","3.62","8","2.2","5"
"STR ล้วน","5","15","1","1","1","1","หมาป่าเร่ร่อน Lv.6","112","26","49","6.6","791","0.4","5.3","3.04","9.5","3.1","8"
"STR ล้วน","6","17","1","1","1","1","หมาป่าเร่ร่อน Lv.6","126","28","55","7.8","791","0.4","5.3","2.61","11","4.2","10"
"STR ล้วน","7","19","1","1","1","1","หมาป่าเร่ร่อน Lv.6","140","30","61","9","791","0.4","5.3","2.34","13.1","5.6","14"
"STR ล้วน","8","21","1","1","1","1","หมูป่าคลั่ง Lv.10","154","32","67","10.2","791","0.4","5.3","3.89","8.2","2.1","19"
"STR ล้วน","9","22","1","1","1","1","หมูป่าคลั่ง Lv.10","168","34","71","11.4","791","0.4","5.3","3.53","9.1","2.6","25"
"STR ล้วน","10","24","1","1","1","1","หมูป่าคลั่ง Lv.10","182","36","77","12.6","791","0.4","5.3","3.14","10","3.2","30"
"STR ล้วน","11","25","1","1","1","1","หมูป่าคลั่ง Lv.10","196","38","81","13.8","791","0.4","5.3","2.97","11.4","3.8","35"
"STR ล้วน","12","27","1","1","1","1","โครงกระดูกเฝ้าป่า Lv.14","210","40","87","15","791","0.4","5.3","4.39","8.2","1.9","47"
"STR ล้วน","13","29","1","1","1","1","โครงกระดูกเฝ้าป่า Lv.14","224","42","93","16.2","791","0.4","5.3","3.95","8.9","2.3","56"
"STR ล้วน","14","30","1","1","1","1","โครงกระดูกเฝ้าป่า Lv.14","238","44","97","17.4","791","0.4","5.3","3.66","9.6","2.6","65"
"STR ล้วน","15","32","1","1","1","1","โครงกระดูกเฝ้าป่า Lv.14","252","46","103","18.6","791","0.4","5.3","3.43","10.7","3.1","73"
"STR ล้วน","16","33","1","1","1","1","ออร์คนักรบ Lv.18","266","48","107","19.8","791","0.4","5.3","4.85","8.2","1.7","89"
"STR ล้วน","17","35","1","1","1","1","ออร์คนักรบ Lv.18","280","50","113","21","791","0.4","5.3","4.42","8.8","2","106"
"STR ล้วน","18","36","1","1","1","1","ออร์คนักรบ Lv.18","294","52","117","22.2","791","0.4","5.3","4.12","9.3","2.3","119"
"STR ล้วน","19","38","1","1","1","1","ออร์คนักรบ Lv.18","308","54","123","23.4","791","0.4","5.3","3.91","10.2","2.6","131"
"STR ล้วน","20","40","1","1","1","1","ออร์คนักรบ Lv.18","322","56","129","24.6","791","0.4","5.3","3.71","11.2","3","131"
"STR+AGI","1","4","3","1","1","1","ก็อบลินป่า Lv.2","56","18","19","1.8","772","1.1","5.3","3.25","11","3.4","0"
"STR+AGI","2","5","5","1","1","1","ก็อบลินป่า Lv.2","70","20","23","3","755","1.8","5.3","2.52","15","6","1"
"STR+AGI","3","7","6","1","1","1","ก็อบลินป่า Lv.2","84","22","29","4.2","746","2.1","5.3","1.96","20.3","10.4","3"
"STR+AGI","4","8","8","1","1","1","หมาป่าเร่ร่อน Lv.6","98","24","33","5.4","730","2.8","5.3","4.45","8.2","1.9","7"
"STR+AGI","5","10","10","1","1","1","หมาป่าเร่ร่อน Lv.6","112","26","39","6.6","714","3.5","5.3","3.51","9.8","2.8","10"
"STR+AGI","6","12","11","1","1","1","หมาป่าเร่ร่อน Lv.6","126","28","45","7.8","707","3.9","5.3","2.88","11.4","4","13"
"STR+AGI","7","13","12","1","1","1","หมาป่าเร่ร่อน Lv.6","140","30","49","9","699","4.2","5.3","2.6","13.6","5.2","16"
"STR+AGI","8","14","13","1","1","1","หมูป่าคลั่ง Lv.10","154","32","53","10.2","692","4.5","5.3","4.39","8.5","1.9","24"
"STR+AGI","9","15","14","1","1","1","หมูป่าคลั่ง Lv.10","168","34","57","11.4","685","4.9","5.3","3.88","9.5","2.5","30"
"STR+AGI","10","16","15","1","1","1","หมูป่าคลั่ง Lv.10","182","36","61","12.6","678","5.3","5.3","3.46","10.6","3.1","36"
"STR+AGI","11","17","17","1","1","1","หมูป่าคลั่ง Lv.10","196","38","65","13.8","664","6","5.3","3.16","12.1","3.8","41"
"STR+AGI","12","18","18","1","1","1","โครงกระดูกเฝ้าป่า Lv.14","210","40","69","15","658","6.3","5.3","4.71","8.7","1.9","53"
"STR+AGI","13","20","19","1","1","1","โครงกระดูกเฝ้าป่า Lv.14","224","42","75","16.2","651","6.7","5.3","4.11","9.5","2.3","62"
"STR+AGI","14","21","20","1","1","1","โครงกระดูกเฝ้าป่า Lv.14","238","44","79","17.4","645","7","5.3","3.73","10.3","2.8","70"
"STR+AGI","15","22","21","1","1","1","โครงกระดูกเฝ้าป่า Lv.14","252","46","83","18.6","639","7.3","5.3","3.5","11.5","3.3","78"
"STR+AGI","16","23","22","1","1","1","ออร์คนักรบ Lv.18","266","48","87","19.8","633","7.7","5.3","4.88","8.9","1.8","94"
"STR+AGI","17","24","23","1","1","1","ออร์คนักรบ Lv.18","280","50","91","21","627","8.1","5.3","4.45","9.5","2.1","106"
"STR+AGI","18","25","24","1","1","1","ออร์คนักรบ Lv.18","294","52","95","22.2","621","8.4","5.3","4.07","10.2","2.5","117"
"STR+AGI","19","26","25","1","1","1","ออร์คนักรบ Lv.18","308","54","99","23.4","615","8.8","5.3","3.85","11.2","2.9","127"
"STR+AGI","20","27","27","1","1","1","ออร์คนักรบ Lv.18","322","56","103","24.6","604","9.4","5.3","3.62","12.3","3.4","127"
"STR+VIT","1","4","1","3","1","1","ก็อบลินป่า Lv.2","68","18","19","3","791","0.4","5.3","3.33","14.4","4.3","0"
"STR+VIT","2","5","1","5","1","1","ก็อบลินป่า Lv.2","94","20","23","5.4","791","0.4","5.3","2.64","23.6","9","1"
"STR+VIT","3","7","1","6","1","1","ก็อบลินป่า Lv.2","114","22","29","7.2","791","0.4","5.3","2.07","34.5","16.6","3"
"STR+VIT","4","8","1","8","1","1","หมาป่าเร่ร่อน Lv.6","140","24","33","9.6","791","0.4","5.3","4.82","12.9","2.7","5"
"STR+VIT","5","10","1","10","1","1","หมาป่าเร่ร่อน Lv.6","166","26","39","12","791","0.4","5.3","3.89","16.4","4.2","7"
"STR+VIT","6","12","1","11","1","1","หมาป่าเร่ร่อน Lv.6","186","28","45","13.8","791","0.4","5.3","3.23","19.5","6","9"
"STR+VIT","7","13","1","12","1","1","หมาป่าเร่ร่อน Lv.6","206","30","49","15.6","791","0.4","5.3","2.95","23.7","8.1","12"
"STR+VIT","8","14","1","13","1","1","หมูป่าคลั่ง Lv.10","226","32","53","17.4","791","0.4","5.3","5.02","13.6","2.7","17"
"STR+VIT","9","15","1","14","1","1","หมูป่าคลั่ง Lv.10","246","34","57","19.2","791","0.4","5.3","4.49","15.3","3.4","21"
"STR+VIT","10","16","1","15","1","1","หมูป่าคลั่ง Lv.10","266","36","61","21","791","0.4","5.3","4.03","17.2","4.3","25"
"STR+VIT","11","17","1","17","1","1","หมูป่าคลั่ง Lv.10","292","38","65","23.4","791","0.4","5.3","3.77","20.5","5.4","30"
"STR+VIT","12","18","1","18","1","1","โครงกระดูกเฝ้าป่า Lv.14","312","40","69","25.2","791","0.4","5.3","5.67","14","2.5","38"
"STR+VIT","13","20","1","19","1","1","โครงกระดูกเฝ้าป่า Lv.14","332","42","75","27","791","0.4","5.3","5","15.2","3.1","44"
"STR+VIT","14","21","1","20","1","1","โครงกระดูกเฝ้าป่า Lv.14","352","44","79","28.8","791","0.4","5.3","4.57","16.6","3.6","51"
"STR+VIT","15","22","1","21","1","1","โครงกระดูกเฝ้าป่า Lv.14","372","46","83","30.6","791","0.4","5.3","4.33","18.6","4.3","58"
"STR+VIT","16","23","1","22","1","1","ออร์คนักรบ Lv.18","392","48","87","32.4","791","0.4","5.3","6.09","13.9","2.3","68"
"STR+VIT","17","24","1","23","1","1","ออร์คนักรบ Lv.18","412","50","91","34.2","791","0.4","5.3","5.61","14.9","2.7","78"
"STR+VIT","18","25","1","24","1","1","ออร์คนักรบ Lv.18","432","52","95","36","791","0.4","5.3","5.18","15.9","3.1","88"
"STR+VIT","19","26","1","25","1","1","ออร์คนักรบ Lv.18","452","54","99","37.8","791","0.4","5.3","4.95","17.6","3.5","97"
"STR+VIT","20","27","1","27","1","1","ออร์คนักรบ Lv.18","478","56","103","40.2","791","0.4","5.3","4.74","19.8","4.2","97"
"AGI ล้วน","1","1","6","1","1","1","ก็อบลินป่า Lv.2","56","18","13","1.8","746","2.1","5.3","4.71","11.2","2.4","1"
"AGI ล้วน","2","1","9","1","1","1","ก็อบลินป่า Lv.2","70","20","15","3","722","3.1","5.3","3.79","15.2","4","2"
"AGI ล้วน","3","1","11","1","1","1","ก็อบลินป่า Lv.2","84","22","17","4.2","707","3.9","5.3","3.25","20.6","6.4","5"
"AGI ล้วน","4","1","13","1","1","1","หมาป่าเร่ร่อน Lv.6","98","24","19","5.4","692","4.5","5.3","7.91","8.4","1.1","10"
"AGI ล้วน","5","1","15","1","1","1","หมาป่าเร่ร่อน Lv.6","112","26","21","6.6","678","5.3","5.3","6.66","10","1.5","18"
"AGI ล้วน","6","1","17","1","1","1","หมาป่าเร่ร่อน Lv.6","126","28","23","7.8","664","6","5.3","5.69","11.7","2.1","25"
"AGI ล้วน","7","1","19","1","1","1","หมาป่าเร่ร่อน Lv.6","140","30","25","9","651","6.7","5.3","5.07","14","2.8","32"
"AGI ล้วน","8","1","21","1","1","1","หมูป่าคลั่ง Lv.10","154","32","27","10.2","639","7.3","5.3","8.85","8.8","1","45"
"AGI ล้วน","9","1","22","1","1","1","หมูป่าคลั่ง Lv.10","168","34","29","11.4","633","7.7","5.3","7.78","9.8","1.3","59"
"AGI ล้วน","10","1","24","1","1","1","หมูป่าคลั่ง Lv.10","182","36","31","12.6","621","8.4","5.3","6.82","10.9","1.6","75"
"AGI ล้วน","11","1","25","1","1","1","หมูป่าคลั่ง Lv.10","196","38","33","13.8","615","8.8","5.3","6.27","12.5","2","91"
"AGI ล้วน","12","1","27","1","1","1","โครงกระดูกเฝ้าป่า Lv.14","210","40","35","15","604","9.4","5.3","9.58","9","0.9","111"
"AGI ล้วน","13","1","29","1","1","1","โครงกระดูกเฝ้าป่า Lv.14","224","42","37","16.2","593","10.2","5.3","8.49","9.9","1.2","132"
"AGI ล้วน","14","1","30","1","1","1","โครงกระดูกเฝ้าป่า Lv.14","238","44","39","17.4","588","10.5","5.3","7.65","10.7","1.4","154"
"AGI ล้วน","15","1","32","1","1","1","โครงกระดูกเฝ้าป่า Lv.14","252","46","41","18.6","578","11.2","5.3","7.08","12","1.7","176"
"AGI ล้วน","16","1","33","1","1","1","ออร์คนักรบ Lv.18","266","48","43","19.8","573","11.6","5.3","10.13","9.3","0.9","203"
"AGI ล้วน","17","1","35","1","1","1","ออร์คนักรบ Lv.18","280","50","45","21","563","12.3","5.3","9.09","10","1.1","230"
"AGI ล้วน","18","1","36","1","1","1","ออร์คนักรบ Lv.18","294","52","47","22.2","559","12.6","5.3","8.28","10.6","1.3","257"
"AGI ล้วน","19","1","38","1","1","1","ออร์คนักรบ Lv.18","308","54","49","23.4","549","13.3","5.3","7.73","11.7","1.5","284"
"AGI ล้วน","20","1","40","1","1","1","ออร์คนักรบ Lv.18","322","56","51","24.6","541","14","5.3","7.25","13","1.8","284"
"VIT ล้วน","1","1","1","6","1","1","ก็อบลินป่า Lv.2","86","18","13","4.8","791","0.4","5.3","5","20.6","4.1","0"
"VIT ล้วน","2","1","1","9","1","1","ก็อบลินป่า Lv.2","118","20","15","7.8","791","0.4","5.3","4.15","36.7","8.8","1"
"VIT ล้วน","3","1","1","11","1","1","ก็อบลินป่า Lv.2","144","22","17","10.2","791","0.4","5.3","3.63","60.4","16.6","4"
"VIT ล้วน","4","1","1","13","1","1","หมาป่าเร่ร่อน Lv.6","170","24","19","12.6","791","0.4","5.3","9.04","17.2","1.9","8"
"VIT ล้วน","5","1","1","15","1","1","หมาป่าเร่ร่อน Lv.6","196","26","21","15","791","0.4","5.3","7.78","21.4","2.8","12"
"VIT ล้วน","6","1","1","17","1","1","หมาป่าเร่ร่อน Lv.6","222","28","23","17.4","791","0.4","5.3","6.78","26.4","3.9","16"
"VIT ล้วน","7","1","1","19","1","1","หมาป่าเร่ร่อน Lv.6","248","30","25","19.8","791","0.4","5.3","6.16","33.5","5.4","21"
"VIT ล้วน","8","1","1","21","1","1","หมูป่าคลั่ง Lv.10","274","32","27","22.2","791","0.4","5.3","10.96","18.2","1.7","31"
"VIT ล้วน","9","1","1","22","1","1","หมูป่าคลั่ง Lv.10","294","34","29","24","791","0.4","5.3","9.72","20.3","2.1","40"
"VIT ล้วน","10","1","1","24","1","1","หมูป่าคลั่ง Lv.10","320","36","31","26.4","791","0.4","5.3","8.69","23.3","2.7","49"
"VIT ล้วน","11","1","1","25","1","1","หมูป่าคลั่ง Lv.10","340","38","33","28.2","791","0.4","5.3","8.07","26.6","3.3","58"
"VIT ล้วน","12","1","1","27","1","1","โครงกระดูกเฝ้าป่า Lv.14","366","40","35","30.6","791","0.4","5.3","12.55","17.7","1.4","75"
"VIT ล้วน","13","1","1","29","1","1","โครงกระดูกเฝ้าป่า Lv.14","392","42","37","33","791","0.4","5.3","11.33","19.7","1.7","92"
"VIT ล้วน","14","1","1","30","1","1","โครงกระดูกเฝ้าป่า Lv.14","412","44","39","34.8","791","0.4","5.3","10.29","21.3","2.1","108"
"VIT ล้วน","15","1","1","32","1","1","โครงกระดูกเฝ้าป่า Lv.14","438","46","41","37.2","791","0.4","5.3","9.68","24.4","2.5","122"
"VIT ล้วน","16","1","1","33","1","1","ออร์คนักรบ Lv.18","458","48","43","39","791","0.4","5.3","13.98","17.5","1.3","146"
"VIT ล้วน","17","1","1","35","1","1","ออร์คนักรบ Lv.18","484","50","45","41.4","791","0.4","5.3","12.77","19","1.5","171"
"VIT ล้วน","18","1","1","36","1","1","ออร์คนักรบ Lv.18","504","52","47","43.2","791","0.4","5.3","11.72","20.3","1.7","196"
"VIT ล้วน","19","1","1","38","1","1","ออร์คนักรบ Lv.18","530","54","49","45.6","791","0.4","5.3","11.14","22.7","2","217"
"VIT ล้วน","20","1","1","40","1","1","ออร์คนักรบ Lv.18","556","56","51","48","791","0.4","5.3","10.6","25.4","2.4","217"
"DEX ล้วน","1","1","1","1","1","6","ก็อบลินป่า Lv.2","56","18","15","1.8","791","0.4","6.8","4.14","11","2.6","0"
"DEX ล้วน","2","1","1","1","1","9","ก็อบลินป่า Lv.2","70","20","19","3","791","0.4","7.7","3.06","14.8","4.8","2"
"DEX ล้วน","3","1","1","1","1","11","ก็อบลินป่า Lv.2","84","22","22","4.2","791","0.4","8.3","2.6","19.9","7.6","4"
"DEX ล้วน","4","1","1","1","1","13","หมาป่าเร่ร่อน Lv.6","98","24","25","5.4","791","0.4","8.9","6.06","8","1.3","9"
"DEX ล้วน","5","1","1","1","1","15","หมาป่าเร่ร่อน Lv.6","112","26","28","6.6","791","0.4","9.5","5.1","9.5","1.9","15"
"DEX ล้วน","6","1","1","1","1","17","หมาป่าเร่ร่อน Lv.6","126","28","31","7.8","791","0.4","10.1","4.52","11","2.4","20"
"DEX ล้วน","7","1","1","1","1","19","หมาป่าเร่ร่อน Lv.6","140","30","34","9","791","0.4","10.7","4.07","13.1","3.2","26"
"DEX ล้วน","8","1","1","1","1","21","หมูป่าคลั่ง Lv.10","154","32","37","10.2","791","0.4","11.3","6.58","8.2","1.2","37"
"DEX ล้วน","9","1","1","1","1","22","หมูป่าคลั่ง Lv.10","168","34","39","11.4","791","0.4","11.6","6.16","9.1","1.5","49"
"DEX ล้วน","10","1","1","1","1","24","หมูป่าคลั่ง Lv.10","182","36","42","12.6","791","0.4","12.2","5.64","10","1.8","63"
"DEX ล้วน","11","1","1","1","1","25","หมูป่าคลั่ง Lv.10","196","38","45","13.8","791","0.4","12.5","5.21","11.4","2.2","75"
"DEX ล้วน","12","1","1","1","1","27","โครงกระดูกเฝ้าป่า Lv.14","210","40","48","15","791","0.4","13.1","7.39","8.2","1.1","92"
"DEX ล้วน","13","1","1","1","1","29","โครงกระดูกเฝ้าป่า Lv.14","224","42","51","16.2","791","0.4","13.7","6.86","8.9","1.3","111"
"DEX ล้วน","14","1","1","1","1","30","โครงกระดูกเฝ้าป่า Lv.14","238","44","53","17.4","791","0.4","14","6.56","9.6","1.5","131"
"DEX ล้วน","15","1","1","1","1","32","โครงกระดูกเฝ้าป่า Lv.14","252","46","56","18.6","791","0.4","14.6","6.14","10.7","1.7","152"
"DEX ล้วน","16","1","1","1","1","33","ออร์คนักรบ Lv.18","266","48","59","19.8","791","0.4","14.9","8.13","8.2","1","177"
"DEX ล้วน","17","1","1","1","1","35","ออร์คนักรบ Lv.18","280","50","62","21","791","0.4","15.5","7.65","8.8","1.1","202"
"DEX ล้วน","18","1","1","1","1","36","ออร์คนักรบ Lv.18","294","52","64","22.2","791","0.4","15.8","7.36","9.3","1.3","229"
"DEX ล้วน","19","1","1","1","1","38","ออร์คนักรบ Lv.18","308","54","67","23.4","791","0.4","16.4","6.96","10.2","1.5","256"
"DEX ล้วน","20","1","1","1","1","40","ออร์คนักรบ Lv.18","322","56","70","24.6","791","0.4","17","6.6","11.2","1.7","256"